{
  "fitness": [
    0.0,
    0.03859853744506814
  ],
  "main_pos": 8.5,
  "main_amp": 0.9422802925109863,
  "n_peaks": 2,
  "spur_penalty": 0.0
}